<?xml version="1.0"?>
<Profile xmlns:xsi="http://www.w3.org/2001/XMLSchema-instance"
  xmlns:xsd="http://www.w3.org/2001/XMLSchema">
  <Name>Panasonic Viera</Name>
  <Identification>
    <FriendlyName>VIERA</FriendlyName>
    <Manufacturer>Panasonic</Manufacturer>
    <Headers>
      <HttpHeaderInfo name="User-Agent" value="Panasonic MIL DLNA" match="Substring" />
    </Headers>
  </Identification>
  <Manufacturer>Jellyfin</Manufacturer>
  <ManufacturerUrl>https://github.com/jellyfin/jellyfin</ManufacturerUrl>
  <ModelName>Jellyfin Server</ModelName>
  <ModelDescription>UPnP/AV 1.0 Compliant Media Server</ModelDescription>
  <ModelNumber>01</ModelNumber>
  <ModelUrl>https://github.com/jellyfin/jellyfin</ModelUrl>
  <EnableAlbumArtInDidl>false</EnableAlbumArtInDidl>
  <EnableSingleAlbumArtLimit>false</EnableSingleAlbumArtLimit>
  <EnableSingleSubtitleLimit>false</EnableSingleSubtitleLimit>
  <SupportedMediaTypes>Audio,Photo,Video</SupportedMediaTypes>
  <AlbumArtPn>JPEG_SM</AlbumArtPn>
  <MaxAlbumArtWidth>480</MaxAlbumArtWidth>
  <MaxAlbumArtHeight>480</MaxAlbumArtHeight>
  <MaxIconWidth>48</MaxIconWidth>
  <MaxIconHeight>48</MaxIconHeight>
  <MaxStreamingBitrate>140000000</MaxStreamingBitrate>
  <MaxStaticBitrate>140000000</MaxStaticBitrate>
  <MusicStreamingTranscodingBitrate>192000</MusicStreamingTranscodingBitrate>
  <MaxStaticMusicBitrate xsi:nil="true" />
  <ProtocolInfo>http-get:*:video/mpeg:*,http-get:*:video/mp4:*,http-get:*:video/vnd.dlna.mpeg-tts:*,http-get:*:video/avi:*,http-get:*:video/x-matroska:*,http-get:*:video/x-ms-wmv:*,http-get:*:video/wtv:*,http-get:*:audio/mpeg:*,http-get:*:audio/mp3:*,http-get:*:audio/mp4:*,http-get:*:audio/x-ms-wma:*,http-get:*:audio/wav:*,http-get:*:audio/L16:*,http-get:*:image/jpeg:*,http-get:*:image/png:*,http-get:*:image/gif:*,http-get:*:image/tiff:*</ProtocolInfo>
  <TimelineOffsetSeconds>10</TimelineOffsetSeconds>
  <RequiresPlainVideoItems>false</RequiresPlainVideoItems>
  <RequiresPlainFolders>false</RequiresPlainFolders>
  <EnableMSMediaReceiverRegistrar>false</EnableMSMediaReceiverRegistrar>
  <IgnoreTranscodeByteRangeRequests>false</IgnoreTranscodeByteRangeRequests>
  <XmlRootAttributes>
    <XmlAttribute name="xmlns:pv" value="http://www.pv.com/pvns/" />
  </XmlRootAttributes>
  <DirectPlayProfiles>
    <DirectPlayProfile container="mpeg,mpg" audioCodec="ac3,mp3,pcm_dvd" videoCodec="mpeg2video,mpeg4" type="Video" />
    <DirectPlayProfile container="mkv" audioCodec="aac,ac3,dca,mp3,mp2,pcm,dts" videoCodec="h264,mpeg2video" type="Video" />
    <DirectPlayProfile container="ts,mpegts" audioCodec="aac,mp3,mp2" videoCodec="h264,mpeg2video" type="Video" />
    <DirectPlayProfile container="mp4,m4v" audioCodec="aac,ac3,mp3,pcm" videoCodec="h264" type="Video" />
    <DirectPlayProfile container="mov" audioCodec="aac,pcm" videoCodec="h264" type="Video" />
    <DirectPlayProfile container="avi" audioCodec="pcm" videoCodec="mpeg4" type="Video" />
    <DirectPlayProfile container="flv" audioCodec="aac" videoCodec="h264" type="Video" />
    <DirectPlayProfile container="mp3" audioCodec="mp3" type="Audio" />
    <DirectPlayProfile container="mp4" audioCodec="aac" type="Audio" />
    <DirectPlayProfile container="jpeg" type="Photo" />
  </DirectPlayProfiles>
  <TranscodingProfiles>
    <TranscodingProfile container="mp3" type="Audio" audioCodec="mp3" estimateContentLength="false" enableMpegtsM2TsMode="false" transcodeSeekInfo="Auto" copyTimestamps="false" context="Streaming" enableSubtitlesInManifest="false" minSegments="0" segmentLength="0" breakOnNonKeyFrames="false" />
    <TranscodingProfile container="ts" type="Video" videoCodec="h264" audioCodec="ac3" estimateContentLength="false" enableMpegtsM2TsMode="false" transcodeSeekInfo="Auto" copyTimestamps="false" context="Streaming" enableSubtitlesInManifest="false" minSegments="0" segmentLength="0" breakOnNonKeyFrames="false" />
    <TranscodingProfile container="jpeg" type="Photo" estimateContentLength="false" enableMpegtsM2TsMode="false" transcodeSeekInfo="Auto" copyTimestamps="false" context="Streaming" enableSubtitlesInManifest="false" minSegments="0" segmentLength="0" breakOnNonKeyFrames="false" />
  </TranscodingProfiles>
  <ContainerProfiles>
    <ContainerProfile type="Photo">
      <Conditions>
        <ProfileCondition condition="LessThanEqual" property="Width" value="1920" isRequired="true" />
        <ProfileCondition condition="LessThanEqual" property="Height" value="1080" isRequired="true" />
      </Conditions>
    </ContainerProfile>
  </ContainerProfiles>
  <CodecProfiles>
    <CodecProfile type="Video">
      <Conditions>
        <ProfileCondition condition="LessThanEqual" property="Width" value="1920" isRequired="true" />
        <ProfileCondition condition="LessThanEqual" property="Height" value="1080" isRequired="true" />
        <ProfileCondition condition="LessThanEqual" property="VideoBitDepth" value="8" isRequired="false" />
      </Conditions>
      <ApplyConditions />
    </CodecProfile>
  </CodecProfiles>
  <ResponseProfiles>
    <ResponseProfile container="ts,mpegts" type="Video" orgPn="MPEG_TS_SD_EU,MPEG_TS_SD_NA,MPEG_TS_SD_KO" mimeType="video/vnd.dlna.mpeg-tts">
      <Conditions />
    </ResponseProfile>
    <ResponseProfile container="m4v" type="Video" mimeType="video/mp4">
      <Conditions />
    </ResponseProfile>
  </ResponseProfiles>
  <SubtitleProfiles>
    <SubtitleProfile format="srt" method="Embed" />
    <SubtitleProfile format="srt" method="External" />
  </SubtitleProfiles>
</Profile>
